region,site_count,subject_count,avg_dqi_score,max_dqi_score,std_dqi_score,high_risk_subjects,medium_risk_subjects,subjects_with_issues,study_count,country_count,high_risk_rate,issue_rate,high_risk_sites,high_risk_site_rate,region_risk_category
AMERICA,1232,21937,0.04173920162036585,0.4111726045462981,0.055118232282201356,2157,1891,4048,19,7,0.09832702739663582,0.18452842230022337,101,0.08198051948051949,Low
ASIA,689,8504,0.06743069887269813,0.45025525189354826,0.07091087005567767,809,1764,2573,18,13,0.09513170272812795,0.30256349952963313,134,0.19448476052249636,High
EMEA,1478,27514,0.05039190090566492,0.5163811080556421,0.06700878816995888,2403,3825,6228,18,49,0.08733735552809478,0.226357490731991,167,0.11299052774018944,Medium
Unknown,25,42,0.01181618597304307,0.2784473843688118,0.05565142197304471,1,8,9,23,3,0.023809523809523808,0.21428571428571427,1,0.04,Low
